Dataset,avg_bio,avg_batch
Immune_ALL_human,0.665063346763857,0.6863102971848085
