Dataset,avg_bio,avg_batch
Lung_atlas_public,0.6809489751028922,0.7398816862795883
