Dataset,avg_bio,avg_batch
Lung_atlas_public,0.40034297263522345,0.33517875461370866
