epochs,batch_size,learning_rate,lambda_weight,loss_function,ari,hvg,asw,f1,nmi,sil,graph,pcr,sil_batch,avg_bio,avg_batch,time
5,128,0.0001,0.4,log,0.49498246196172746,0.25575000000000003,0.7468103,0.842391304347826,0.7554078539081786,0.56040764,0.8166204252864979,0.22192978657687804,0.82236546,0.6092915959678377,0.6203052248811249,285.0289387702942
