epochs,batch_size,learning_rate,lambda_weight,loss_function,ari,hvg,asw,f1,nmi,sil,graph,pcr,sil_batch,avg_bio,avg_batch,time
50,64,0.0001,0.6,log,0.6530961961305517,0.18075000000000002,0.82085407,0.9916765755053508,0.8699820138479045,0.70162046,0.9352752896939824,0.44854722020489574,0.81760293,0.7029965521404694,0.7338084807840112,1884.2574112415314
