epochs,batch_size,learning_rate,lambda_weight,loss_function,ari,hvg,asw,f1,nmi,sil,graph,pcr,sil_batch,avg_bio,avg_batch
5,32,0.0001,0.2,log,0.4939131674652916,0.107125,0.6924633,0.8973384030418251,0.7338024035628327,0.5419399,0.8346795193274467,0.38272610458952466,0.81087965,0.5777636945111547,0.676095090549584
